m	shard	matches	actual_dec_calls	total_possible_dec_calls	chunks
1000	0	16	17	28600	1
1000	1	0	5	28600	1
1000	2	0	7	28600	1
1000	3	0	5	28600	1
1000	4	0	9	28600	1
1000	5	0	7	28600	1
1000	6	0	5	28400	1
2000	0	18	18	57200	2
2000	1	0	7	57200	2
2000	2	0	16	57200	2
2000	3	0	3	57200	2
2000	4	0	4	57200	2
2000	5	0	9	57200	2
2000	6	0	6	56800	2
4000	0	20	20	114400	3
4000	1	0	4	114400	3
4000	2	0	8	114400	3
4000	3	0	8	114400	3
4000	4	0	11	114400	3
4000	5	0	8	114400	3
4000	6	0	8	113600	3
8000	0	18	18	228600	5
8000	1	0	11	228600	5
8000	2	0	5	228600	5
8000	3	0	8	228600	5
8000	4	0	3	228600	5
8000	5	0	6	228600	5
8000	6	0	3	228400	5
10000	0	24	24	285800	6
10000	1	0	11	285800	6
10000	2	0	10	285800	6
10000	3	0	15	285800	6
10000	4	0	7	285800	6
10000	5	0	8	285800	6
10000	6	0	12	285200	6
